Keyword,Search Volume,Difficulty(num),Difficulty(str)
northwell health inc,90500,40,Okay
mental health awareness month,74000,59,Hard
men's mental health month,60500,16,Easy
mental,40500,95,Very Hard
mental health awareness,33100,75,Hard
mental illnesses and disorders,33100,77,Very Hard
quotes on mental health,27100,15,Easy
behavior health counseling,27100,66,Hard
avoidant restrictive food disorder,27100,54,Hard
chi health center,27100,17,Easy
mental illnesses list,22200,78,Very Hard
mental health day,14800,64,Hard
eating disorders sign and symptoms,14800,63,Hard
esperanza health center,14800,47,Okay
tattoos for mental health,12100,3,Easy
hospitalisation for mental health,12100,14,Easy
mental health month,12100,59,Hard
mental health definition,12100,84,Very Hard
hospitals with behavioral health,12100,26,Okay
mental abuse,12100,30,Okay
center for emotional health,9900,8,Easy
resources for mental health,9900,76,Very Hard
mental health facility inpatient near me,9900,0,Easy
mental health crisis hotline,9900,100,Very Hard
mental health facilities inpatient,9900,2,Easy
behavioral health technician,9900,0,Easy
my intermountain health,9900,,Easy
when is men's mental health month,8100,21,Easy
optum behavioral health,8100,4,Easy
community and mental health,8100,15,Easy
outpatient program mental health,6600,2,Easy
may is mental health month,6600,59,Hard
may is mental health awareness month,6600,59,Hard
issues of mental health,6600,81,Very Hard
rethink behavioral health,6600,45,Okay
mental health photos,6600,13,Easy
mental health awareness week,5400,28,Okay
clinical mental health counseling,5400,13,Easy
assessment in mental health,5400,48,Okay
advanced behavioral health,5400,31,Okay
mental health books,5400,15,Easy
davis behavioral health,5400,9,Easy
support mental health,5400,100,Very Hard
mental health apps,5400,36,Okay
mental health evaluation,5400,54,Hard
residential mental health facilities,4400,8,Easy
carolina center for behavioral health,4400,0,Easy
anorexia nervosa treatment therapy,4400,30,Okay
eating disorders recovery symbol,4400,0,Easy
eating disorders anorexia treatment,4400,39,Okay
license in mental health counseling,4400,17,Easy
mental health means,4400,84,Very Hard
jefferson center for mental health,4400,15,Easy
ms clinical mental health counseling,3600,11,Easy
women mental health month,3600,0,Easy
mental health articles,3600,49,Okay
center for behavioral health,3600,21,Easy
highlands behavioral health,3600,17,Easy
mercy behavioral health,3600,16,Easy
mental health health insurance,3600,51,Hard
health insurance for mental health,3600,56,Hard
mental health awareness color,3600,0,Easy
mental health advocate,3600,40,Okay
mental health partners,3600,5,Easy
portage path behavioral health,3600,5,Easy
autism centers in mn,2900,11,Easy
peak behavioral health nm,2900,0,Easy
parkview behavioral health,2900,0,Easy
barnes-jewish center for outpatient health,2900,0,Easy
autism centers in minnesota,2900,11,Easy
lasting hope recovery center in omaha nebraska,2900,0,Easy
didi hirsch mental health services,2900,10,Easy
cornerstone behavioral health,2900,4,Easy
behavior health,2900,45,Okay
mental health diagnostics,2900,68,Hard
mental health ribbon,2900,5,Easy
what is mental abuse,2900,28,Okay
behavioral health solution,2900,11,Easy
mental illnesses are common,2900,82,Very Hard
north tampa behavioral health,2900,8,Easy
behavioral health employment,2900,2,Easy
movie with eating disorder,2900,1,Easy
journey mental health center,2900,14,Easy
lakeland behavioral health system,2900,5,Easy
mental health tips,2400,71,Hard
health resources and services administration,2400,53,Hard
mental health careers,2400,30,Okay
mental protuberance,2400,1,Easy
free mental health services,2400,62,Hard
therapy center,2400,14,Easy
facts on mental health,2400,74,Hard
sequoia mental health services,2400,0,Easy
mental health art,2400,11,Easy
mental health courts,2400,22,Easy
fairmount behavioral health,2400,0,Easy
fairmount behavioral health system,2400,0,Easy
palms behavioral health,2400,1,Easy
women's mental health,2400,37,Okay
organization for mental health,2400,90,Very Hard
serenity behavioral health augusta georgia,2400,0,Easy
